"id","kategorie","frage","option_a","option_b","option_c","option_d","option_e","richtig","erklaerung","is_free","mehrfach"
"1","Erste Hilfe","Bei einem Menschen stellen Sie eine Bewusstlosigkeit fest. Welches Erkennungszeichen ist zutreffend?","Es sind laute Atemgeräusche zu hören.","Die Person ist reaktionslos.","Es ist keinerlei Puls zu fühlen.","Die Atmung steht still.","","b","","1","0"
"2","Erste Hilfe","Welche Anzeichen weisen bei einem Notfallpatienten am ehesten auf eine Atemstörung hin?","Der Patient klagt über Schmerzen im Nierenbeckenbereich.","Der Patient klagt über starke Augenschmerzen.","Bei der Ausatmung des Patienten sind starke Atemgeräusche hörbar.","Der Patient lässt Urin unter sich.","","c","","1","0"
"3","Erste Hilfe","Welche Vorgehensweise ist bei der Überprüfung der Atmung einer bewusstlosen Person die richtige?","Ich versuche der Person sofort Luft in die Lungen zu blasen.","Sobald ich irgendein Atemgeräusch höre, ist die weitere Überprüfung sofort abzubrechen.","Ich lege der Person kurz die Hände auf den Brustkorb. Wenn ich dadurch Bewegungen feststelle, brauche ich nicht weiter zu prüfen.","Ich neige den Kopf nach hinten und hebe gleichzeitig das Kinn an. In dieser Position wird anschließend die Atmung durch Sehen, Hören und Fühlen überprüft.","","d","","1","0"
"4","Erste Hilfe","Was kann beim Tasten des Pulses festgestellt werden?","Der Herzrhythmus.","Die Atemfrequenz.","Den genauen Blutdruckwert.","Die Menge des Blutes im Körper.","","a","","1","0"
"5","Erste Hilfe","Welche Ursache kann „primär“ (unmittelbar) eine Störung des Herz-Kreislauf-Systems hervorrufen?","Eine Infektion des Wurmfortsatzes.","Ein Herzinfarkt.","Eine Hepatitis-Erkrankung.","Ein Darmverschluss.","","b","","1","0"
"6","Erste Hilfe","Welches Anzeichen gibt einen Hinweis auf einen Schock beim Menschen?","Die Person hat hochrote, heiße Haut.","Der Puls des Patienten ist schnell und nur schwach tastbar.","Die Person hat sehr trockene Haut.","Die Person hat eine rosiges Aussehen.","","b","","0","0"
"7","Erste Hilfe","Sie finden eine Person, die sehr lange mit unbedecktem Kopf in der prallen Sonne gelegen hat. Sie vermuten bei ihr einen Sonnenstich. Welches Anzeichen spricht dafür?","Die Person hat einen hochroten, heißen Kopf.","Bei der Person messe ich eine hohe Körpertemperatur.","Die Person hat heiße, trockene Körperhaut.","Die Person klagt über ständigen Harndrang.","","a","","0","0"
"8","Erste Hilfe","Welche Folgen hat es, wenn Sie einen großen Fremdkörper, z.B. einen Ast, aus einer Wunde am Oberschenkel entfernen würden?","Eine Infizierung der Wunde.","Es kann zu einer lebensbedrohlichen Blutung kommen.","Die Folge ist eine geringere Blutung aus der Wunde.","Der Oberschenkel des Patienten kann besser mit einem Verband versorgt werden.","","b","","0","0"
"9","Erste Hilfe","In welcher Reihenfolge führen Sie die Maßnahmen zur Stillung einer lebensbedrohlichen Blutung am Unterarm durch?","Hinlegen – Manueller Druck auf die Wunde – Druckverband – Hochlagern – Hochhalten","Hinlegen - Hochhalten – Manueller Druck auf die Wunde – Druckverband – Hochlagern","Hochhalten – Druckverband – Manueller Druck auf die Wunde – Hochlagern – Hinlegen","Hinlegen – Druckverband – Manueller Druck auf die Wunde – Hochhalten – Hochlagern","","b","","0","0"
"10","Erste Hilfe","Welches der nachfolgenden Anzeichen ist ein sicheres Anzeichen für einen Knochenbruch?","Eine Schwellung.","Starke Schmerzen.","Die Gebrauchsunfähigkeit / Bewegungsunfähigkeit des betroffenen Körperteils.","Eine Fehlstellung des betroffenen Körperteils.","","d","","0","0"
"11","Erste Hilfe","Welche Überlegungen müssen Sie als Erstes anstellen, bevor Sie eine Rettungsmaßnahme durchführen können?","Habe ich Schutzhandschuhe an?","Ist meine Einheit mit ausreichend Einsatzkräften besetzt?","Ist ein Notarzt in der Nähe?","Besteht Gefahr für mich oder andere Helfer?","","d","","0","0"
"12","Erste Hilfe","Wie hoch ist die Ruhepulsfrequenz eines Erwachsenen?","ca. 40–50 Schläge/ min.","ca. 60–80 Schläge/ min.","ca. 80–100 Schläge/ min.","ca. 90–110 Schläge/ min.","","b","","0","0"
"13","Erste Hilfe","Welches Organ reagiert sehr empfindlich auf Sauerstoffmangel?","Magen","Gehirn","Leber","Niere","","b","","0","0"
"14","Erste Hilfe","Welches Anzeichen gibt einen Hinweis auf eine Brustkorbverletzung?","Eine abnorme Haltung der Arme.","Die verletzte Person hat eine Atemstörung.","Abgang von Stuhl oder Urin.","Die verletzte Person versucht sich flach hinzulegen.","","b","","0","0"
"15","Erste Hilfe","Welche Lagerung sollte bei einer Verletzung im Bauchbereich angestrebt werden?","Die Beine der betroffenen Person sollten hochgelagert werden.","Der Oberkörper der betroffenen Person sollten hochgelagert werden.","Die Beine der betroffenen Person sollten tiefgelagert werden.","Die Lagerung sollte nach dem Wunsch der betroffenen Person erfolgen (evtl.mit Knierolle und Decke).","","d","","0","0"
"16","Erste Hilfe","Welche der aufgezählten Maßnahmen soll nach einer Verätzung im Magen bereich durchgeführt werden?","Der Person keine Flüssigkeit und Getränke zu trinken geben.","Die Person sofort zum Erbrechen bringen.","Der Person Flüssigkeit in kleinen Schlucken zu trinken geben, kein Erbrechen auslösen.","Das vorgefundene Ätzmittel sofort vernichten.","","c","","0","0"
"17","Erste Hilfe","Bei welcher Verletzung / Erkrankung mit Schockanzeichen soll eine Schocklage durchgeführt werden?","Bei starkem Blutverlust.","Bei einem Herzinfarkt.","Bei einem Schädel-Hirn-Trauma.","Bei einer Unterkühlung.","","a","","0","0"
"18","Erste Hilfe","Welche der nachfolgend aufgezählten Maßnahmen dient dem Freihalten der Atemwege?","Die stabile Seitenlage.","Eine flache Lagerung auf dem Rücken.","Die Schocklage.","Die Fritsch`schen Lagerung.","","a","","0","0"
"19","Erste Hilfe","Welchen Rhythmus wenden Sie bei der HLW an?","30 mal beatmen, 2 mal drücken","15 mal drücken, 2 mal beatmen","15 mal beatmen, 2 mal drücken","30 mal drücken, 2 mal beatmen","","d","","0","0"
"20","Erste Hilfe","Eine verletzte Person ist bewusstlos und die Atmung ist ausreichend. Welche der nachfolgenden Maßnahmen muss durchgeführt werden?","Patient in Schocklage legen.","Patient auf den Rücken legen.","Vorgefundene Position des Patienten wegen evtl. Knochenbrüche belassen.","Patient in die stabile Seitenlage legen.","","d","","0","0"
"21","Erste Hilfe","Welche der genannten Maßnahmen führen Sie bei großflächiger Verbrennung von über 20 % der Körperoberfläche durch?","Die verbrannte Haut entfernen.","Kühlende Salben auftragen.","Ggf. Feuer löschen, betroffene Person ansprechen (Prüfung des Bewusstseins), Notruf veranlassen bzw. absetzen.","Betroffenen sofort zum Hausarzt schicken.","","c","","0","0"
"22","Erste Hilfe","Welche Lagerung bevorzugen Sie bei einer ansprechbaren verletzten Person, die schwere Atemnot hat?","Verletzte Person in Seitenlage bringen.","Verletzte Person flach auf den Rücken legen.","Verletzte Person flach mit einer Knierolle lagern.","Verletzte Person liegend mit erhöhtem Oberkörper (halbsitzend) lagern.","","d","","0","0"
"23","Erste Hilfe","Sie finden eine reglose verletzte Person. Welche Maßnahmen ergreifen Sie zuerst?","Eine Pupillenkontrolle.","Eine Blutdruckkontrolle.","Die Überprüfung der Atmung.","Anschauen, ansprechen, anfassen, Überprüfung der Atmung und ggf. Notruf veranlassen bzw. absetzen.","","d","","0","0"
"24","Erste Hilfe","Bei welchem lebensbedrohlichen Zustand müssen Sie in erster Linie mit dem Einatmen von Fremdkörpern (Aspiration) rechnen?","Bei Bewusstlosigkeit.","Bei einer arteriellen Blutung.","Bei sogenanntem „akutem Bauch“.","Bei einem Herzinfarkt.","","a","","0","0"
"25","Erste Hilfe","Sie finden eine Person in nasser Kleidung, mit blau verfärbten Lippen und verlangsamter Atmung. Wie gehen Sie vor?","Die betroffene Person in eine Decke packen.","Die Kleidung ausziehen und die betroffene Person in eine Decke packen.","Die betroffene Person in eine Decke packen und einen heißen Grog zum Trinken geben.","Die betroffene Person zur Bewegung animieren und ihm warme und zuckerhaltige Getränke geben.","","b","","0","0"
"26","Erste Hilfe","Eine Person ist im Gelände einen Abhang hinuntergestürzt. Die verletzte Person hat einen Schock und keine Wirbelsäulenverletzung, evtl. einen Knöchelbruch und klagt über Atemnot mit Brustschmerzen. Wie lagern Sie diese Person bis zum Eintreffen des Rettungsdienstes?","Die Person in Seitenlage lagern.","Die Person am Boden liegend mit erhöhtem Oberkörper lagern.","Die Person in Schocklage bringen.","Die Person auf keinen Fall bewegen.","","b","","0","0"
"27","Erste Hilfe","Welche Lagerung bezeichnet man als Schocklagerung?","Rückenlagerung mit Knierolle.","Flachlagerung mit erhöhtem Oberkörper.","Flachlagerung mit erhöhten Beinen.","Seitenlagerung mit angezogenen Beinen.","","c","","0","0"
"28","Erste Hilfe","Welcher Begriff / Umstand gehört nicht zur HLW?","Harte Unterlage","Atemstillstand","Kreislaufstillstand","Oberkörper Hochlagerung","","d","","0","0"
"29","Erste Hilfe","Eine Person hat eine Schädel-Hirn-Verletzung erlitten. Sie ist bei Bewusstsein und die Atmung ist ausreichend vorhanden. Wie soll die verletzte Person gelagert werden?","Die Person in Rückenlage bringen.","Die Person mit erhöhtem Oberkörper lagern.","Die Person flach in der Seitenlage lagern.","Die Person in die Schocklage bringen.","","b","","0","0"
"30","Erste Hilfe","Welche Maßnahme ist vordringlich bei einer offenen Fraktur durchzuführen?","Den Bruch wieder einrichten.","Den Patienten in Schocklage legen.","Die Wunden möglichst keimfrei bedecken.","Eine Infusion anlegen.","","c","","0","0"
"31","Erste Hilfe","Welches der nachfolgend genannten Verbandmittel ist nicht steril verpackt und darf nach dem Auspacken nicht direkt auf eine Wunde gebracht werden?","Verpackte Zellstoff-Mull-Kompresse.","Verpacktes Verbandpäckchen.","Verpacktes Verbandtuch.","Verpacktes Dreiecktuch.","","d","","0","0"
"32","Erste Hilfe","Nach einem Sturz aus großer Höhe hat eine ansprechbar verletzte Person eine offene Brustkorbverletzung. Welches ist die richtige Erste-Hilfe-Maßnahme?","Die betroffene Person mit erhöhtem Oberkörper lagern und die Wunde steril bedecken.","Die Wunde sofort luftdicht verpacken, damit die Lunge nicht zusammenfällt.","Die betroffene Person sofort in die stabile Seitenlage bringen.","Der betroffenen Person zuerst Sauerstoff geben.","","a","","0","0"
"33","Erste Hilfe","Wie reagiert der menschliche Organismus, wenn ein Atem- und Kreislaufstillstand eingetreten ist? Welche Aussage ist richtig?","Die Haut und die Schleimhaut werden hellrot.","Die Haut und die Schleimhaut werden bläulich (zyanotisch).","Die Haut und die Schleimhaut werden heiß.","Die Haut und die Schleimhaut werden kalt.","","b","","0","0"
"34","Erste Hilfe","Warum darf einer unterkühlten Person kein Alkohol zu trinken gegeben werden? Welche Aussage ist zutreffend?","Alkohol verengt die Blutgefäße.","Alkohol führt zu aggressivem Verhalten.","Alkohol steigert die Körpertemperatur.","Alkohol erweitert die Blutgefäße.","","d","","0","0"
"35","Erste Hilfe","Wie weit soll der Brustkorb eines Erwachsenen bei der Herzdruckmassage komprimiert werden?","1-2 Zentimeter","2-3 Zentimeter","4-5 Zentimeter","5-6 Zentimeter","","d","","0","0"
"36","Erste Hilfe","Muss ein offener Knochenbruch immer steril bedeckt werden?","Wenn es möglich ist, dann ja.","Nur wenn die Knochenenden sichtbar sind.","Nur wenn Infektionsgefahr besteht.","Nicht, wenn die Wunde bereits desinfiziert wurde.","","a","","0","0"
"37","Erste Hilfe","Wie lagern Sie eine verletzte Person, die eine offene Bauchverletzung hat?","Person in Schocklage bringen.","Person in Rückenlage mit erhöhtem Kopf lagern.","Person in Rückenlage legen und mit einer Knierolle versorgen.","Person in Bauchlage lagern.","","c","","0","0"
"38","Erste Hilfe","Welche Maßnahmen ergreifen Sie bei Nasenbluten?","Kopf nach hinten in den Nacken legen lassen.","Den betroffenen Nasenflügel mit den Fingern zudrücken, anschließend Nacken kühlen.","Salbe in die Nasenlöcher schmieren (Nasentamponade).","Kältetherapie im Nacken und auf der Stirn durchführen.","","b","","0","0"
"39","Erste Hilfe","Welche Gefahren birgt jede offene Wunde primär?","Blutung, Infektion, Schmerz.","Infektion, Schock, zusätzliches Nasenbluten.","Atemstillstand, Herzkreislaufversagen, Schock.","Es gibt keine primären Gefahren.","","a","","0","0"
"40","Erste Hilfe am Hund","Bei welchem Notfall muss unverzüglich ein Tierarzt aufgesucht werden?","Bei einem Zeckenbiss.","Bei einer vermuteten Vergiftung.","Bei Zahnfleischbluten.","Wenn der Hunde sich stark am Ohr kratzt.","","b","","1","0"
"41","Erste Hilfe am Hund","Bei welchem Notfall muss unverzüglich ein Tierarzt aufgesucht werden?","Wenn der Hund „Schlitten fährt“, weil die Analdrüse platzen könnte.","Bei Verdacht auf eine Magendrehung.","Bei Zahnfleischbluten.","Bei Durchfall.","","b","","1","0"
"42","Erste Hilfe am Hund","Gegen welche Krankheiten kann und sollte ein Hund geimpft werden?","Gegen Tetanus, Meningitis und Hepatitis","Gegen die Aujeszky´sche Krankheit und Tollwut.","Gegen Staupe, Hepatitis, Parvovirose, Leptospirose und Tollwut.","Gegen Durchfallerkrankungen.","","c","","1","0"
"43","Erste Hilfe am Hund","Wo wird beim Hund der Puls gefühlt?","Am größten Blutgefäß des Ohrgrundes.","An der Oberschenkelinnenseite.","An der Halsschlagader.","An der Rutenwurzel.","","b","","1","0"
"44","Erste Hilfe am Hund","Wie hoch ist die durchschnittliche Pulsfrequenz eines mittelgroßen Hundes in Ruhe?","70 – 100","15 – 30","30 – 60","100 - 130","","a","","1","0"
"45","Erste Hilfe am Hund","Wie viele Atemzüge in der Minute macht ein mittelgroßer Hund im Ruhezustand?","50 – 60","10 – 40","30 – 50","10 – 20","","b","","0","0"
"46","Erste Hilfe am Hund","Welche Körperkerntemperatur haben erwachsene, gesunde Hunde?","35 – 36 ° C","36 – 37 ° C","38 – 39 ° C","39 – 40 ° C","","c","","0","0"
"47","Erste Hilfe am Hund","Wie sollten die Schleimhäute an nicht pigmentierten Stellen beim gesunden Hund aussehen?","Hochrot, feucht, glattglänzend, ohne Auflagerungen.","Bläulich, glänzend, ohne Auflagerungen.","Porzellanweiß, trocken, mit grauen Auflagerungen.","Blass rosa-rot, feucht, glattglänzend ohne Auflagerungen.","","d","","0","0"
"48","Erste Hilfe am Hund","Wann erhöht sich die Herzfrequenz des Hundes?","Bei tiefen Außentemperaturen.","Bei körperlicher Ruhe.","Bei Aufregung.","Im Tiefschlaf.","","c","","0","0"
"49","Erste Hilfe am Hund","Wann kann die Atemfrequenz des Hundes nicht ermittelt werden?","Im Tiefschlaf, da sie dann abfällt","Wenn der Hund hechelt, da sie dann nicht aussagekräftig ist","Während des Streichelns, da sie dann ansteigt","Bei körperlicher Ruhe, da sie dann nicht aussagekräftig ist","","b","","0","0"
"50","Erste Hilfe am Hund","Was ist bei einem bewusstlosen Hund zu tun?","Hund in die Seitenlage nach rechts bringen, Kopf zur Brust beugen und diesen erhöht lagern.","Hund mit kaltem Wasser abduschen.","Dem Hund intensiv riechende Leckerbissen vor die Nase halten.","Die Maulhöhle des Hundes auf Fremdkörpern kontrollieren und ggf. diese entfernen, den Kopf strecken und Hund in Seitenlage lagern.","","d","","0","0"
"51","Erste Hilfe am Hund","Was sind Anzeichen einer Magendrehung?","Zunehmend schwere Atmung, Speicheln, Hecheln, Anzeichen von Bauchschmerzen, Zunahme des Leibumfanges.","Erbrechen von Magensäure.","Der Hund wälzt sich panisch am Boden, weil er so versucht die Drehung rückgängig zu machen.","Dauerhafter Durchfall","","a","","0","0"
"52","Erste Hilfe am Hund","Was sind Anzeichen eines Volumenmangelschocks beim Hund?","Ein langsamer Puls.","Erhebliches Zittern.","Ein flacher schneller Puls.","Feuchtes Fell.","","c","","0","0"
"53","Erste Hilfe am Hund","Welches Symptom deutet beim Hund auf einen Hitzschlag hin?","Ein langsamer Puls.","Kalter Körperschweiß.","Rote Schleimhäute, Bewusstseinstrübung, extremes Hecheln, erhöhte Puls- und Atemfrequenz.","Normale Körpertemperatur.","","c","","0","0"
"54","Erste Hilfe am Hund","Welche Maßnahme, ist bei Erstickungsanfällen durch Fremdkörper zu ergreifen?","Den Fang des Hundes auf Fremdkörper kontrollieren, ggf. vorsichtig entfernen, ggf. an der Beckengegend anheben und auf den Brustkorb klopfen.","Dem Hund kräftig auf die Magengegend drücken.","Dem Hund Wasser einflößen, damit der Fremdkörper abwärts getrieben wird.","Es sind keine Maßnahmen erforderlich, da sich der Fremdkörper nach kurzer Zeit auflöst.","","a","","0","0"
"55","Erste Hilfe am Hund","Welche Maßnahme ist bei einem Hitzschlag zu ergreifen?","Den Hund nicht bewegen.","Den Hund aus der Hitze bringen und für Abkühlung sorgen, Wasser anbieten und anschließend zum Tierarzt bringen.","Dem Hund mindestens 2 Liter Wasser einflößen, damit eine Kühlung von innen heraus erfolgt.","Den Hund in kaltem Wasser baden.","","b","","0","0"
"56","Erste Hilfe am Hund","Welches der nachfolgend aufgezählten Anzeichen ist kein Hinweis auf eine Erschöpfung des Hundes?","Nachlassende Konzentrationsfähigkeit.","Fanglecken, Grasfressen oder ähnliches.","Taumelnder Gang.","Anhaltendes Bellen.","","d","","0","0"
"57","Erste Hilfe am Hund","Welche Symptome sprechen für eine akute lebensbedrohliche Blutung in die Bauchhöhle nach einem Unfall?","Weiße Schleimhäute und Umfangszunahme des Bauches.","Futterverweigerung und Erbrechen.","Apathie und Absetzen von schwarz gefärbtem Kot (Melaena).","Starke Schmerzen und geschwollene Beine.","","a","","0","0"
"58","Erste Hilfe am Hund","Welche der aufgeführten Maßnahmen ist bei einer Vergiftung zutreffend?","Der Hund ist immer zum Erbrechen zu bringen.","Dem Hund Wasser anbieten ist immer gut.","Vitalfunktionen des Hundes überprüfen und nach Bedarf erhalten (Eigenschutz beachten). Den Tierarzt aufsuchen.","Beim eigenen Hund sind keine besonderen Schutzmaßnahmen zu ergreifen.","","c","","0","0"
"59","Erste Hilfe am Hund","Wodurch können Vergiftungserscheinungen hervorgerufen werden?","Der Hund hat zu viel gefressen.","Der Hund hat zu viel Wasser aufgenommen.","Der Hund hatte Kontakt zu Mineralöl oder zu alten Nadeln der Eibe.","Beim Wechsel der Futtermarke.","","c","","0","0"
"60","Erste Hilfe am Hund","Welche Aussage zu den Folgen einer Verbrennung ist zutreffend?","Ein Schock tritt nur bei großflächigen Verbrennungen auf.","Es kommt zu Blasenbildung und Infektionsgefahr.","Der Hund hat keine thermische Schmerzempfindung.","Eine Rötung der Haut kommt wegen des Felles beim Hund nicht vor.","","b","","0","0"
"61","Erste Hilfe am Hund","Welche Aussage zur Versorgung von Verbrennungen ist richtig?","Eine Kühlung ist nur bei Blasenbildung und schlimmer nötig.","5 Minuten kühlen der verbrannten Stelle reichen immer aus.","Verbrennungen in der Mundhöhle brauchen wegen des Speichels nicht gekühlt werden.","Die Wunden möglichst steril abdecken. Tücher möglichst immer feucht halten. Falls kein Wasser zur Hand sein sollte, können auch nichtalkoholische Getränke verwendet werden.","","d","","0","0"
"62","Erste Hilfe am Hund","Ein fremder unbekannter Hund hat sich an der Vorderpfote verletzt. Welche Maßnahmen führen Sie zuerst durch?","Ich beachte den Eigenschutz und binde dem Hund den Fang zu.","Ich drücke starke Blutungen kurzfristig ab bis ein Verband angelegt ist.","Ich polstere den Wundbereich großzügig mit Watte ab.","Ich decke die Wunde mit einer sterilen Wundauflage ab.","","a","","0","0"
"63","Erste Hilfe am Hund","Welche Aussage zu Bisswunden ist zutreffend?","Eine Bisswunde muss nicht kontrolliert werden, wenn der Hund ausreichend geimpft ist.","Kleine Bisswunden müssen nicht weiter behandelt werden.","Auch bei kleinen Bisswunden muss eine weitere Versorgung durchgeführt werden.","In der Regel brauchen Wunden bei Tieren nicht beobachtet werden.","","c","","0","0"
"64","Erste Hilfe am Hund","Welche Gefahr durch eine offene Wunde besteht beim Hund grundsätzlich nicht?","Tetanus.","Blutungsgefahr.","Gefahr eine bakteriellen Wundinfektion.","Leptospirose.","","d","","0","0"
"65","Erste Hilfe am Hund","Welche Maßnahme bei offenen Bauchhöhlenverletzungen ist richtig?","Die vorgefallenen Eingeweide durch einen Verband am Körper fixieren und den Hund zum Tierarzt bringen.","Die vorgefallenen Eingeweide zurückdrücken, steril abdecken und das Tier zum Tierarzt bringen.","Die vorgefallene Eingeweide mit Kochsalzlösung (NaCl), notfalls mit Wasser, abspülen. Danach diese steril bedecken, feucht halten und den Hund zum Tierarzt bringen.","Die vorgefallene Eingeweide abtrocknen, steril bedecken, mit einer Wärmflasche wärmen und den Hund zum Tierarzt bringen.","","c","","0","0"
"66","Erste Hilfe am Hund","Welche der nachfolgenden Maßnahmen muss bei Aufnahme von Xylit durchgeführt werden?","Es müssen sofort die Vitalfunktionen des Hundes geprüft werden.","Dem Hund muss sofort Honig oder Zucker gegeben werden, um eine lebensbedrohliche Unterzuckerung zu vermeiden.","Xylit ist ein Zuckerersatzstoff und für Hunde ungefährlich.","Wenn der Hund Durchfall oder Erbrechen zeigt ist unverzüglich ein Tierarzt aufzusuchen.","","b","","0","0"
"67","Erste Hilfe am Hund","Welche Maßnahme bei offenen Knochenbrüchen ist richtig?","Die herausgetretenen Knochenenden steril abdecken. Bei längerem Transport diese feucht halten.","Den Bruch auf jeden Fall mit einer Schiene ruhigstellen.","Offene Brüche müssen immer ausgerichtet werden.","Den offenen Bruch sofort auswaschen.","","a","","0","0"
"68","Erste Hilfe am Hund","Welches Verhalten bei Verletzungen durch festhakenden Fremdkörper im Ohr ist richtig?","Den Fremdkörper im Ohr mit Kamillenlösung sofort herausspülen.","Den Fremdkörper im Ohr mit Pinzette immer sofort entfernen.","Warten bis der Hund den Fremdkörper selbstständig aus dem Ohr geschüttelt  hat.","Den Hund am Schütteln hindern und zum Tierarzt bringen.","","d","","0","0"
"69","Erste Hilfe am Hund","Warum verlaufen Schusswunden oft tödlich?","Weil Schusswunden meist infizierte Wunden sind.","Weil die Vergiftungsgefahr durch das Blei der Geschosse hoch ist.","Weil eine solche Verletzung oft einen hochgradigen Schock auslöst.","Weil bei einem Steckschuss die Kugel im Körper bleibt und dadurch immer einen Herz -Kreislauf-Stillstand auslöst.","","c","","0","0"
"70","Kynologie","Welche Umweltsituationen sollte ein Welpe kennenlernen?","Der Welpe sollte möglichst viele Umweltsituationen kennenlernen","Der Welpe sollte mit wenig Umweltreizen konfrontiert werden, weil er noch zu jung ist.","Der Welpe sollte so wenig wie möglich von der Umwelt kennen lernen, damit er wesensfester wird.","Das Kennenlernen von Umweltsituationen ist für die Entwicklung des Welpen unwesentlich.","","a","","1","0"
"71","Kynologie","Wie erzieht man Welpen bei Untugenden?","Man schüttelt seinen Nacken kräftig durch, bis der Welpe winselt.","Man lobt ihn, wenn er das macht, was man von ihm möchte und ignoriert oder beendet Fehlverhalten.","Man führt einen Schnauzengriff aus und wendet sich ab.","Man tadelt ihn lautstark und sperrt ihn in die Hundebox.","","b","","1","0"
"72","Kynologie","Zeigt ein vom Züchter gut sozialisierter Welpe automatisch feste Personenbindung?","Nein, er freut sich über jeden Menschen.","Ja, Hunde sind von Natur aus treu.","Ja, er hat einen natürlichen Beschützerinstinkt.","Ja, Hunde sind automatisch an bestimmte Personen gebunden.","","a","","1","0"
"73","Kynologie","Lernt ein Welpe besser über positive Verstärkung oder über Strafe?","Über beide Möglichkeiten, wobei Strafe überwiegen sollte.","Lernen ist weder von positiver Verstärkung noch Strafe abhängig.","Er lernt besser über positive Verstärkung.","Er lernt besser über Strafe.","","c","","1","0"
"74","Kynologie","Wie sollte man seinen Hund nicht bestrafen?","Man wendet sich von dem Hund ab und entfernt sich.","Man stellt die Kommunikation mit dem Hund kurzzeitig vollständig ein.","Durch ein klares „Nein“.","Durch einen Alphawurf.","","d","","1","0"
"75","Kynologie","Wie lernt ein Hund sicher mit Kindern umzugehen?","Durch umfangreiche Sozialisation mit Kindern unterschiedlicher Altersstufen während der Welpenzeit .","Der Hund hat von Geburt an eine gute Beziehung zu Kindern.","Man trifft sich regelmäßig mit Kindern, damit diese durch dauerhaftes und aufgeregtes Spiel mit dem Welpen dessen Reizschwelle steigern.","Durch Betätigen eines „Stromimpulsgerätes“ mit Fernbedienung, wenn Kinder in der Nähe sind.","","a","","0","0"
"76","Kynologie","Sie gehen mit ihrem angeleinten Hund spazieren. Welche Richtung sollte man einschlagen?","Man folgt seinem Hund dorthin wo er möchte.","Man wartet, in welche Richtung sich der Hund in Bewegung setzt.","Man bestimmt die Richtung und agiert.","Man reagiert grundsätzlich auf die Beschwichtigungssignale seines Hundes und wählt danach die Richtung.","","c","","0","0"
"77","Kynologie","Wie lange sollte man mit seinem Hund Sitz, Platz etc. üben?","Man übt solange, bis er keine Lust mehr hat.","Man gestaltet kurze Übungsintervalle, ggf. aber mehrmals täglich.","Man übt solange, bis der Hund es verstanden hat, auch wenn es Stunden dauert.","Man übt solange, bis der Hund auf dem Rücken liegt und aufgibt.","","b","","0","0"
"78","Kynologie","Beim Spaziergang mit Ihrem Hund kommt Ihnen ein Hundehalter mit angeleintem Hund entgegen. Wie verhalten Sie sich?","Ich reiße meinen Hund mehrmals kräftig an der Leine zurück.","Da ich den anderen Hund nicht einschätzen kann, behalte ich meinen Hund bei mir und leine ihn ebenfalls an.","Ich nehme Rufkontakt auf und erkläre, dass mein Hund nur spielen will.","Ich lasse meinen Hund von der Leine, damit die Hunde die Rangordnung selbst klären können.","","b","","0","0"
"79","Kynologie","Wie kann sich häufiges und hartes Bestrafen auf einen Hund auswirken?","Der Hund wird gehorsamer.","Der Hund wird völlig verunsichert, wodurch seine Schwelle zum Wehrtrieb stark herabgesetzt werden kann.","Der Hund wird ruhiger reagieren.","Das Verhältnis von Hundeführer und Hund wird immer besser.","","b","","0","0"
"80","Kynologie","Kann Futter in der Tasche der Hundehalterin dazu führen, dass der Hund Artgenossen gegenüber aggressiv wird?","Nein, da der Hund bei Futter nie Aggressionen zu anderen Hunden zeigt.","Ja, da der Hund Futter verteidigen könnte.","Ja, aber nur, wenn der Hund dazu ausgebildet wurde.","Nein, da Rettungshunde ein ruhiges Wesen haben.","","b","","0","0"
"81","Kynologie","Wie lernt ein Hund am besten?","Der Hund lernt ausnahmslos über positive Verstärkung, ohne Strafe.","Der Hund lernt über positive Verstärkung und Setzen von klaren Grenzen.","Der Hund lernt über ausnahmslose Härte.","Der Hund lernt über einen demokratischen Umgang.","","b","","0","0"
"82","Kynologie","Kann auch ein älterer Hund noch lernen?","Hündinnen nach der letzten Läufigkeit nicht mehr.","Nein, Hunde lernen nur, wenn sie jung sind.","Nur wenn der Hund gut sozialisiert ist.","Hunde können in jedem Alter etwas lernen.","","d","","0","0"
"83","Kynologie","Ihr angeleinter Hund will gerade einen anderen Hund, der ebenfalls von seinem Halter angeleint geführt wird, knurrend und zähnebleckend anspringen. Wie sollten Sie sich verhalten?","Man nimmt das kurze Ende der Leine und zieht es dem eigenen Hund über den Rücken.","Man spricht seinen Hund an, dass er brav sein soll.","Man vermittelt seinem Hund ein klares Nein, unterbricht die Aggression ggf. durch Blickkontakt und fordert ihn zu einem Alternativverhalten, z.B. Sitz auf.","Man lässt den Hund bis auf ca. 20 Zentimeter an den anderen Hund und beobachtet vorsichtig, wie sich beide Hunde weiter verhalten.","","c","","0","0"
"84","Kynologie","Ein junger Hund zwickt regelmäßig seine Hundeführerin beim Spaziergang in die Waden. Was bedeutet das?","Der Hund fordert ihn zum Spielen auf.","Das ist kein ernst zu nehmendes Verhalten.","Der Hund will mitteilen, dass er Hunger hat.","Es handelt sich um eine Einzelsequenz aus dem Jagdverhalten, die unterbunden werden muss.","","d","","0","0"
"85","Kynologie","Was bedeutet es, wenn ein Hund seinen Kopf über die Schultern eines anderen Hundes legt?","Das Verhalten hat keine Aussage.","Der Hund fordert den anderen Hund zum Spielen auf.","Er versucht, den anderen zu dominieren.","Das macht ein Hund nur beim anderen Geschlecht.","","c","","0","0"
"86","Kynologie","Zwei Hunde stehen sich im Abstand fixierend gegenüber. Was hat dieses Verhalten für eine Bedeutung?","Ein erwiderter Blickkontakt kann zu einer Auseinandersetzung führen.","Das ist eine übliche Begrüßungsgeste: Sie sagen „Guten Tag“.","Der Rüde steigert seinen Sexualtrieb.","Die Hunde wollen nur gemeinsam spielen.","","a","","0","0"
"87","Kynologie","Ein Hund läuft mit seiner Rute wedelnd auf einen Menschen zu. Ist er dann immer freundlich gestimmt?","Ja, es bedeutet einzig und allein: Ich will mit Dir spielen!","Das Wedeln mit der Rute hat gar nichts zu sagen.","Nein, es kann auch ein negativ erregter Hund sein.","Ja, das Wedeln mit der Rute ist immer ein Ausdruck freundlicher Stimmung.","","c","","0","0"
"88","Kynologie","Welche Gesten sind Anzeichen von Aggression ohne Zeichen von Angst oder Stress?","Er gähnt und leckt sich häufig über die Nase.","Er hat die Ohren nach vorne gestellt und zieht die Lefzen hoch.","Der Hund macht sich klein und versucht zu fliehen.","Er hechelt und hat dabei den Schwanz eingeklemmt und die Ohren nach hinten gelegt.","","b","","0","0"
"89","Kynologie","Welches der aufgezählten Anzeichen ist kein Hinweis auf Angstzustände eines Hundes?","Der Hund bellt wie verrückt.","Der Hund verkriecht sich.","Der Hund meidet eine Person oder einen Gegenstand.","Der Hund steht schwanzwedelnd an der Haustür.","","d","","0","0"
"90","Kynologie","Was ist Stress?","Eine sogenannte Immunreaktion des Körpers.","Die unspezifische Reaktion des Körpers auf unterschiedlichste Belastungen.","Mangelnde körperliche Kondition.","Eine allergische Reaktion.","","b","","0","0"
"91","Kynologie","Was ist für das Prägungslernen kennzeichnend?","Die aufgenommene Information kann leicht durch die Aufnahme weiterer Informationen verändert werden.","Die Lernfähigkeit bleibt bis ins hohe Alter gleich stark bestehen.","Die aufgenommene Information ist meist nahezu irreversibel.","Die aufgenommene Information ist in Bruchteilen von Sekunden auf Dauer verloren.","","c","","0","0"
"92","Kynologie","Sie rufen Ihren Hund bei einem Spaziergang in einer ungefährlichen Situation zurück, aber er kommt nicht. Was tun Sie?","Ich rufe solange bis er kommt.","Ich benutze mehrfach die Pfeife.","Ich mache ihn auf mich aufmerksam, laufe schnell weg, verstecke mich und bestätige ihn für sein Kommen.","Er bekommt abends kein Futter.","","c","","0","0"
"93","Kynologie","Welche der folgenden Bestimmungen gelten in allen Bundesländern?","Es ist verboten, einen Hund freilaufend neben dem Fahrrad laufen zu lassen.","Es ist verboten, einen Hund neben dem Kraftfahrzeug laufen zu lassen.","Es ist verboten, einen Hund freilaufend neben dem Pferd laufen zu lassen.","Es ist grundsätzlich verboten, einen Hund in der Stadt freilaufen zu lassen.","","b","","0","0"
"94","Kynologie","Welche Aussage zum Unterschied zwischen Sozialisation und Bindung ist falsch?","Sozialisation bezeichnet den allgemeinen Vorgang der sozialen Identifikation beim Hund, Bindung seine spezielle Beziehung zu einzelnen Menschen oder Hunden","Die Sozialisation ist weitgehend irreversibel, die Bindung austauschbar.","Bindung an einen Menschen setzt eine Sozialisation voraus, umgekehrt hingegen bedingt die Sozialisation nicht zwangsläufig eine Bindung.","Die Stärke der Sozialisation ist abhängig von der Rangbeziehung zwischen Mensch und Hund, die Stärke der Bindung hingegen ist davon unabhängig.","","d","","0","0"
"95","Kynologie","Welche Aussage über die Vorteile des Prägungslernens trifft zu?","Nur im Stress werden neue Informationen aufgenommen.","Es fällt dem Hund leichter, auf Veränderungen in der Umwelt zu reagieren.","Der Hund zeigt Ängstlichkeit gegenüber anderen Menschen.","Positive und negative Erfahrungen werden im sensibelsten Entwicklungsstadium des Hundes gesammelt.","","d","","0","0"
"96","Kynologie","Was kann passieren, wenn man mit dem Hund eine bestimmte Übung immer nur am gleichen Ort macht?","Er wird die Übung an anderen Orten gar nicht oder nicht so gut ausführen.","Lernen ist nicht von einem bestimmten Ort abhängig. Er wird die Übung, wenn man sie häufig an einem Ort geübt hat, überall sicher ausführen können.","Der Ort ist nicht wichtig im Hundetraining. Wichtig ist, dass man immer zur selben Tageszeit übt, damit sich der Hund an einen geregelten Tagesablauf gewöhnt.","Er wird bald nicht mehr an diesen Ort gehen wollen, weil ihm langweilig ist.","","a","","0","0"
"97","Kynologie","Welches Triebverhalten darf während der Verweisübung nicht ausgelöst werden?","Spieltrieb","Beutetrieb","Wehrtrieb","Fresstrieb","","c","","0","0"
"98","Kynologie","Worüber nimmt ein Hund eine Umgebung hauptsächlich wahr?","Über das Gehör.","Über die Augen.","Über das Gefühl.","Über die Nase.","","d","","0","0"
"99","Kynologie","Wie wird ein Kommando eingeübt?","Nur über das Gehör.","Nur über Körperkontakt.","Nur über Sichtzeichen.","Über Gehör, Körpersprache und Sichtzeichen.","","d","","0","0"
"100","Unfallverhütung / Sicherheit im Einsatz","Welcher der nachfolgend aufgeführten Gegenstände zählt nicht zur persönlichen Schutzausrüstung (PSA) für einen Trümmereinsatz?","Schutzhelm.","Funktionsunterwäsche.","Sicherheitsschuhe (Klasse S3).","Schutzhandschuhe.","","b","","1","0"
"101","Unfallverhütung / Sicherheit im Einsatz","Wie wird ein Rettungshund bei der Flächensuche vor Jagdfeuer geschützt?","Durch einen implantierten Mikrochip.","Durch die Erkennungsmarke am Halsband.","Durch Leuchtstreifen am Halsband.","Durch das Tragen einer Kenndecke.","","d","","1","0"
"102","Unfallverhütung / Sicherheit im Einsatz","Nach jedem Einsatz ist zur Wahrnehmung der Sicherheit welche Aussage zutreffend?","Die Verpflegung der Einsatzkräfte ist zu organisieren.","Es ist eine Kontrolle der Vollzähligkeit aller Einsatzkräfte durchzuführen.","Es ist eine tierärztliche Untersuchung der Hunde zu veranlassen.","Mit den eingesetzten Kraftfahrzeugen ist ein Sicherheitscheck durchzuführen.","","b","","1","0"
"103","Unfallverhütung / Sicherheit im Einsatz","Welche der nachfolgend aufgezählten Verhaltensweisen ist während des Einsatzes verboten?","Das Betreten des Einsatzgebietes ohne Auftrag.","Das hygienische Reinigen der Hände nach der Suche.","Das Funken mit der Einsatzleitung.","Das Betreten des Einsatzleitfahrzeuges.","","a","","1","0"
"104","Unfallverhütung / Sicherheit im Einsatz","Welche der nachfolgend aufgezählten Verhaltensweisen ist während eines Trümmersucheinsatzes nicht erlaubt?","Den Hund ohne Kenndecke auf die Trümmer einzusetzen.","Alleine, ungesichert in unübersichtliche Lagen zu gehen.","Den Hund während der Suche über den Trümmerkegel zu dirigieren.","Mit anderen Einsatzkräften zu funken.","","b","","1","0"
"105","Unfallverhütung / Sicherheit im Einsatz","Welchen Ausrüstungsgegenstand müssen Rettungshundeteams zur Personensicherung im Trümmereinsatz mitführen?","Taschenmesser.","Sicherungsleine.","Koppel.","Leuchtpistole.","","b","","0","0"
"106","Unfallverhütung / Sicherheit im Einsatz","Worauf ist zu achten, wenn Leinen/Seile über scharfe Kanten geführt werden müssen?","Auf Gleitschutz.","Auf den Schutz der Kanten durch ein Kantenschutzgerät.","Auf Benutzung eines Seilkolbens.","Auf Leinen- bzw. Seilschutz.","","d","","0","0"
"107","Unfallverhütung / Sicherheit im Einsatz","Was muss bei der Benutzung eines Auffanggurtes als Absturzsicherung beachtet werden?","Ein Auffanggurt darf zur Absturzsicherung generell nicht verwendet werden.","Es muss darauf geachtet werden, dass der Auffanggurt angenehm sitzt.","Der Auffanggurt darf nur in Kombination mit einem Auffanggerät benutzt werden.","Der Auffanggurt darf nur in Kombination mit einer Seilklemme benutzt werden.","","c","","0","0"
"108","Unfallverhütung / Sicherheit im Einsatz","Was ist beim Nachbetanken eines Stromerzeugers zu beachten?","Der Motor muss während des Betankens abgestellt werden.","Der Motor kann während des Betankens in Betrieb sein.","Der Benzinhahn muss vor dem Betanken geschlossen sein.","Der Benzinhahn muss beim Betanken offen sein.","","a","","0","0"
"109","Unfallverhütung / Sicherheit im Einsatz","Wer ist für die Vollständigkeit und Funktionsfähigkeit der persönlichen Schutzausrüstung (PSA)verantwortlich?","Die Ausbildungsleitung.","Die Staffelleitung.","Die Einsatzkraft.","Die Geschäftsführung der Hilfsorganisation.","","c","","0","0"
"110","Unfallverhütung / Sicherheit im Einsatz","Sie werden zu einem Rettungshundeeinsatz alarmiert. Wie verhalten Sie sich auf der Fahrt mit Ihrem Privatfahrzeug zur Dienststelle?","Ich schalte die Warnblinkanlage an, um den anderen Verkehrsteilnehmern zu signalisieren, dass ich es eilig habe.","Ich fahre unter Einhaltung der Verkehrsregeln zur Dienststelle.","Ich fahre schnellstmöglich zur Dienststelle.","Rote Ampeln und Verkehrsschilder beachte ich nicht, weil Gefahr im Verzug ist.","","b","","0","0"
"111","Unfallverhütung / Sicherheit im Einsatz","Wie müssen akute Gefahrenquellen, z.B. eine Stolperfalle durch eine Drahtschlinge, beseitigt werden?","Drahtschlingen sind keine akuten Stolperfallen und sind deshalb nicht weiter zu beachten.","Solche Gefahrenquellen sind sofort an die Einsatzleitung zu melden.","Solche Gefahrenstellen kennzeichnen, wenn möglich sofort beseitigen.","Alle eingesetzten Kräfte sollten sofort über Funk informiert werden.","","c","","0","0"
"112","Unfallverhütung / Sicherheit im Einsatz","In den Trümmern befinden sich abgerissene und/oder offene Stromleitungen. Welche Aussage ist zutreffend?","Es besteht keine Gefahr, da bei solchen Schäden sofort durch die Energieversorger alle Versorgungsleitungen zum Gebäude gekappt werden.","Die Spannungsfreiheit der Leitungen ist sichergestellt, da ja die Leitungen abgerissen sind.","Es handelt sich um einen Gefahrenbereich und daher muss sofort eine Absperrung eingerichtet werden und durch Fachkräfte die Spannungsfreiheit festgestellt werden.","Für die elektrischen Leitungen sind Fachkräfte zuständig. Ich brauche mich darum nicht zu kümmern.","","c","","0","0"
"113","Sprechfunk","Was bedeutet die Abkürzung „BOS“?","Behörden und Organisationen mit Sicherheitsaufgaben.","Bund und Organisationen mit Sicherheitsaufgaben.","Behörden und Ordnungsämter mit Sicherheitsaufgaben.","Bundes- und Ordnungsämter mit Sicherheitsaufgaben.","","a","","1","0"
"114","Sprechfunk","Welche Redewendung sollte im Funkverkehr nicht verwendet werden?","Kommen!","Verstanden!","Hallo, wer ist da?","Wiederholen Sie!","","c","","1","0"
"115","Sprechfunk","Im Funkverkehr sind Regeln zu beachten! Was sollte vermieden werden?","Deutlich und nicht zu schnell sprechen.","Den Gesprächsteilnehmer mit „Sie“ ansprechen.","Das Buchstabieren sollte vermieden werden.","Es sollten möglichst viele Abkürzungen verwendet werden, um Zeit zu sparen.","","d","","1","0"
"116","Sprechfunk","BOS-Funk ist bei Großschadensereignissen und Katastrophen ein unverzichtbares Medium für eine unabhängige Kommunikation. Welche der nachfolgenden Aussagen trifft zu?","Mobilfunknetze ermöglichen die gleiche Aufgabe.","BOS-Funk ist geschaffen worden, um der Presse direkte Informationen geben zu können.","BOS-Funkkanäle sind einer geschlossenen Benutzergruppe zugewiesen.","BOS-Funkkanäle sind einer offenen Benutzergruppe zugewiesen.","","c","","1","0"
"117","Sprechfunk","Um eine bestmögliche Reichweite zu erreichen, sollten Handfunkgeräte in einer besond eren Trageweise getragen werden. Welche Trageweise ist am effektivsten?","Das Gerät sollte an der Schulter getragen werden.","Das Gerät sollte am Gürtel getragen werden.","Das Gerät sollte in der Jackentasche verstaut sein.","Das Gerät sollte in der Beintasche der Hose verstaut sein.","","a","","1","0"
"118","Sprechfunk","Welche Aussage über die Notwendigkeit von Funkrufnamen ist richtig?","Mit den Funkrufnamen werden die verschiedenen Funkstellen eindeutig identifiziert und unterschieden.","Durch Funkrufnamen ist ein qualitativ besseres Funknetz zu betreiben.","Durch die Funkrufnamen kann man Funkgeräte besser finden.","Jede Einheit kann sich selbstständig einen Funkrufnamen aussuchen.","","a","","0","0"
"119","Sprechfunk","Während eines Funkgespräches teilt Ihnen die Gegenstelle mit, Sie mögen „über Draht“ kommen. Was ist gemeint?","Die Verständigung ist nicht optimal, sie sollen eine andere Funkfrequenz wählen.","Sie sollen Ihren Gesprächsteilnehmer über eine Telefonverbindung anrufen.","Sie sollen einen Telefondraht zwischen Ihnen und dem Gesprächsteilnehmer verlegen lassen.","Sie sollen das Handfunkgerät an das Ladekabel anschließen.","","b","","0","0"
"120","Sprechfunk","Was bedeutet die Abkürzung „FMS“?","Funkmitteilungssystem","Fernmeldesystem","Funkmodulationssystem","Funkmeldesystem","","d","","0","0"
"121","Sprechfunk","Auf der zugewiesenen Gesprächsgruppe ist viel Funkverkehr und kaum durchzukommen. Sie haben aber eine wichtige Meldung an die Einsatzleitung durchzugeben. Was machen Sie?","Warten, bis keiner mehr spricht und ich dran bin.","Warteschlangenbetrieb betreiben, d.h. ich halte die Sprechfunktaste so lange gedrückt bis ich das „Piep“, die Sprechaufforderung, erhalte.","Immer wieder die Gesprächstaste drücken bis ich das „Piep“, die Sprechaufforderung, erhalte.","Ich suche mir eine andere Gesprächsgruppe und versuche dort die Einsatzleitung zu erreichen.","","b","","0","0"
"122","Sprechfunk","Während eines Einsatzes kommen Sie mit einem Sprechfunker zusammen, der wie Sie ein Funkgerät trägt. In diesem Einsatz wird der gesamte Sprechfunkverkehr auf einem Kanal abgewickelt. Sie selbst werden nun vom Einsatzleiter über Funk angesprochen. Worauf müssen Sie achten, bevor Sie antworten?","Es besteht Wechselverkehr. Ich weise den Einsatzleiter daraufhin, dass er eine Erlaubnis bei der Leitstelle beantragen muss.","Der andere Sprechfunker muss seine Rauschsperre abstellen.","Den eigenen Standort so wählen, dass es zu keiner Rückkopplung mit dem anderen Funkgerät kommt.","Es muss die richtige Taste am Gerät gedrückt werden, damit es zu keiner Rückkopplung kommt.","","c","","0","0"
"123","Sprechfunk","Sie erhalten einen Suchauftrag in einem Waldgebiet. Worauf ist in Bezug auf Einschränkungen in der Kommunikation per Funk zu achten.","Gar keine, da Funkwellen durch die Luft übertragen werden.","Ich kann nur auf Freiflächen und Waldschneisen funken.","Durch dichten Waldbewuchs kann es zu Einschränkungen im Netzbetrieb (TMO) kommen. Ggf. muss die Staffelleitung den Betrieb im Einsatzstellenmodus (DMO) anordnen.","Solange ich das Handsprechfunkgerät in optimaler Trageweise mit mir führe, gibt es keine Einschränkungen.","","c","","0","0"
"124","Sprechfunk","Sie erhalten ein Funkgerät und werden von FLORIAN A-Stadt gerufen. Welcher BOS-Teilnehmer / Organisation ruft Sie?","Bundespolizei","Landespolizei","Feuerwehr","THW","","c","","0","0"
"125","Sprechfunk","Sie erhalten ein Funkgerät und werden von AKKON A-Stadt gerufen. Welcher BOS-Teilnehmer / Organisation ruft Sie?","Johanniter-Unfall-Hilfe","Polizei","Deutsches Rotes Kreuz","THW","","a","","0","0"
"126","Sprechfunk","Wie verhalten Sie sich bei Funkstörungen?","Einen Standortwechsel vornehmen und die Trageposition des Funkgerätes am Körper überprüfen.","Ich schraube die Antenne ab und wieder dran, um einen möglichen Wackelkontakt zu beheben.","Ich mache nichts und warte die Funkstörung ab.","Das Gerät ausschalten, nach 3 Minuten wieder einschalten, danach sollte die Funkstörung behoben sein.","","a","","0","0"
"127","Sprechfunk","Was wird unter Funkdisziplin verstanden?","Einsatzleitung niemals ohne die Anrede „Herr“ oder „Frau“ anfunken.","Auf keinen Fall ohne vorherige Aufforderung der Einsatzleitung funken.","Einhalten der korrekten Formulierungen, „Erst denken – drücken – kurz warten – dann sprechen“, Vorredner vor dem Antworten aussprechen lassen, Funkspruch so kurz wie möglich und so umfassend wie nötig abwickeln.","Jeder Funkspruch der Einsatzleitung ist förmlich zu wiederholen.","","c","","0","0"
"128","Sprechfunk","Bei Erhalt des Handsprechfunkgerätes sollten Sie folgende Funktionsprüfung durchführen:","Das Gerät erst einmal komplett auseinander- und wieder zusammenbauen.","Ich prüfe, ob der Halteclip nicht ausgeleiert ist.","Ich mache eine 30-minütige Funktionsprüfung gemäß Dienstvorschrift.","Ich kontrolliere Akkuladung und Antennenanschluss. Danach führe ich eine Sprechprobe durch.","","d","","0","0"
"129","Sprechfunk","Was müssen Sie bei der Funkübermittlung zum Datenschutz beachten?","Für die Nutzung von BOS-Funk ist der Datenschutz nicht relevant.","Datenschutz ist nur auf bestimmten Frequenzbereichen des BOS-Funkes vorhanden.","Für eine lückenlose Datenerhebung sollten Personennamen und -daten immer vollständig, d.h. mit Vor- und Zunamen sowie Geburtsdatum, genannt werden.","Personennamen und -daten sind nur in begründeten Fällen zu nennen.","","d","","0","0"
"130","Sprechfunk","Ein Funkgespräch wird beendet mit dem Wort:","Verstanden","Ende","Over","Roger","","b","","0","0"
"131","Sprechfunk","Eine Frage wird eingeleitet mit dem Wort/den Worten:","Kommen, ob verstanden","Frage","Wiederholen Sie","Was willst du","","b","","0","0"
"132","Sprechfunk","Ein Sprechfunkverkehr wird eröffnet durch:","Die Anrufantwort","Den Anruf","Den Einsatzleiter","Die Gegenstelle","","b","","0","0"
"133","Sprechfunk","Die unbefugte Weitergabe von Fernsprechgeheimnissen…","…ist nur bei dringenden Einsatznachrichten erlaubt.","…wird mit Freiheitsstrafe oder mit Geldstrafe bestraft.","…darf nur der Leiter der Fernmeldezentrale anordnen.","…ist kein Problem und kann jederzeit gemacht werden.","","b","","0","0"
"134","Sprechfunk","Was ist ein MRT-Gerät?","Ein Handsprechfunkgerät im 2m Band.","Ein Gerät, welches allein dem Sprechfunkbetrieb zur Einsatzstelle dient.","Ein fest eingebautes Fahrzeugfunkgerät.","Ein Magnetresonanztomograph.","","c","","0","0"
"135","Sprechfunk","Im Digitalfunknetz der BOS werden die Betriebsarten TMO und DMO unterschieden. Welche Aussage ist hierzu richtig?","Die Betriebsart TMO ist für Hilfsorganisationen nicht vorgesehen und wird nur von der Polizei verwendet.","Die Betriebsart DMO ist ausschließlich in Gebäuden zulässig.","In der Betriebsart DMO können zwei oder mehrere Teilnehmer direkt miteinander kommunizieren, ohne auf die Netzinfrastruktur selbst zugreifen zu müssen.","Die Betriebsart TMO darf nicht im 5 km Grenzbereich zu anderen Ländern wie Frankreich, Polen, Niederlande, Österreich usw. genutzt werden.","","c","","0","0"
"136","Sprechfunk","Welche Einrichtung ist der funkbetriebliche Mittelpunkt eines Funkverkehrsbereiches?","Die große Relaisfunkstelle.","Die Leitstelle.","Das Regierungspräsidium.","Die Technische Betriebsstelle des Bundeslandes.","","b","","0","0"
"137","Sprechfunk","Wie kann man im Digitalfunk einen Notruf auslösen?","Durch Drücken der Kennung „0“.","Durch Drücken der orangenen/roten Taste am Bedienteil oder Funkgerät.","Durch die Durchsage „Hier ist ein Notruf“.","Durch den Anruf über die Tastenkombination „112“.","","b","","0","0"
"138","Einsatztaktik Fläche","Wie ist die richtige Vorgehensweise bei einer Wegesuche?","Sie kreuzen ständig den Weg und schicken den Hund abwechselnd rechts und links ins Gelände.","Sie gehen auf dem Weg und lassen den Hund bei Fuß laufen.","Sie gehen auf dem Weg und schicken den Hund zuerst rechts des Weges – am Ende des Weges drehen Sie um und schicken den Hund auf der anderen Seite des Weges ins Gelände.","Sie gehen auf dem Weg und schicken den Hund rechts bzw. links von diesem Weg ins Ge lände.","","d","","1","0"
"139","Einsatztaktik Fläche","Welcher Abstand zwischen den Suchteams wird i.d.R. bei einer Suchkette in der Fläche bei durchschnittlichem Bewuchs gewählt?","Ca. 50 m","Ca. 100 m","Ca. 150 m","Ca. 200 m","","a","","1","0"
"140","Einsatztaktik Fläche","Wie verhalten Sie sich beim Auffinden von Kleidungsstücken die nachweislich der gesuchten Person gehören?","Ich lasse die Kleidungsstücke liegen, um keine Fingerabdrücke zu hinterlassen. Merke mir aber den Fundort.","Gefundene Kleidungsstücke haben für die Suche keinerlei Bedeutung.","Gefundene Kleidungsstücke melde ich sofort der Einsatzleitung.","Ich nehme die Kleidungsstücke zur Übergabe an die Einsatzleitung mit.","","c","","1","0"
"141","Einsatztaktik Fläche","Welches ist das richtige Verhalten beim Auffinden einer leblosen Person?","Ich alarmiere sofort alle Hundeführer:innen, um den Einsatz abzubrechen.","Ich nehme sofort den Hund zurück, melde den Fund der Einsatzleitung und sperre den Fundort weiträumig ab.","Ich melde den Fund der Einsatzleitung, damit diese den Einsatz abbrechen kann.","Ich sperre den Fundort ab und rufe sofort ein PSNV-Team zur Überbringung der Todesnachricht.","","b","","1","0"
"142","Einsatztaktik Fläche","Wie ist die Anordnung von Suchteams bei einer Hang-Quer-Suche?","Die Teams suchen schräg nach hinten und unten versetzt, wobei das erste Team am weitesten vorne und oben sucht.","Die Teams suchen schräg nach oben und hinten versetzt, wobei das erste Team am weitesten vorne und unten sucht.","Die Teams suchen sich den optimalen Weg selbst.","Die Teams suchen in einer Suchkette mit einem Abstand von 60 m.","","b","","1","0"
"143","Einsatztaktik Fläche","In welcher der genannten Einsatzsituationen wählen Sie eine Wegesuche?","Wenn eine rollstuhlfahrende Person gesucht wird.","Wenn eine Person gesucht wird, die Pilze gesammelt hat.","Wenn eine im Wald arbeitende Person (z.B. Förster:in) gesucht wird.","Wenn eine Person mit suizidaler Absicht gesucht wird.","","a","","0","0"
"144","Einsatztaktik Fläche","Was ist eine Areal- / Parzellensuche in der Rettungshundearbeit?","Die Suche nach einem Grundstück für die Sucharbeit.","Das Absuchen eines besonderen Flurstückes.","Das Absuchen eines vorgegebenen und umrissdefinierten Geländes.","Das Absuchen eines Areals von genau 30 000 m² Fläche.","","c","","0","0"
"145","Einsatztaktik Fläche","Wie verhalten Sie sich, wenn Sie bei einem Sucheinsatz auf Rehwild treffen?","Ich binde den Hund an einen Baum und warte auf den Rückzug der Rehe.","Ich schicke den Hund in Richtung der Rehe, um diese zu vertreiben.","Ich bitte die Försterin, das Wild durch einen Warnschuss zu vertreiben.","Ich lasse den Hund kontrolliert weitersuchen und informiere die Einsatzleitung und anderen Suchteams.","","d","","0","0"
"146","Einsatztaktik Fläche","Sie treffen bei einem Sucheinsatz auf Schwarzwild. Wie verhalten Sie sich?","Ich binde den Hund an einen Baum und vertreibe das Schwarzwild mit Hilfe meiner Trillerpfeife.","Ich schicke den Hund in Richtung Schwarzwild, um dieses zu vertreiben.","Ich leine meinen Hund an, begebe mich mit diesem aus dem Gefahrenbereich und informiere die Einsatzleitung.","Ich lasse den Hund kontrolliert weitersuchen und informiere die Einsatzleitung.","","c","","0","0"
"147","Einsatztaktik Fläche","Bei welcher Einsatzsituation kann es empfehlenswert sein, zuerst eine Parzellen suche durchzuführen?","Wenn eine joggende Person vermisst wird.","Wenn eine Person vermisst wird, die Pilze gesammelt hat.","Wenn eine Person mit Kinderwagen vermisst wird.","Wenn eine stark gehbehinderte Person gesucht wird.","","b","","0","0"
"148","Einsatztaktik Fläche","Welchen Vorteil bietet die Wegesuche bei einem Rettungshundeeinsatz?","Der Weg ist auf der topografischen Karte gut erkennbar.","Der Weg ermöglicht eine eindeutige Vorgabe der Such- und Laufrichtung.","Der Hund kann auf dem Weg schneller laufen und suchen.","Der Hund kann aufgrund der Witterung besser suchen.","","b","","0","0"
"149","Einsatztaktik Fläche","Welchen Vorteil bietet die Parzellensuche bei einem Rettungshundeeinsatz?","Die Parzellensuche bietet ein günstiges Verhältnis von Zuverlässigkeit und Zeitaufwand.","Eine Parzellensuche bietet eine gute und stabile Funkverbindung.","Jedes Suchteam hat ein eigenes zugewiesenes Suchgebiet.","Eine Parzelle ist auf der topografischen Karte gut erkennbar.","","a","","0","0"
"150","Einsatztaktik Fläche","Welchen Nachteil hat eine Suchkette bei einem Rettungshundeeinsatz?","Das Suchgelände wird zu schnell abgesucht.","Bei einer Suchkette ist die Zusammenarbeit mit Rettungshundestaffeln anderer Hilfsorganisationen grundsätzlich nicht möglich.","Eine Suchkette ist langsam und personalintensiv.","In einer Suchkette ist keine gute Funkverbindung im BOS-Bereich herstellbar.","","c","","0","0"
"151","Einsatztaktik Fläche","Wann ist ein Primäreinsatz für Rettungshundeteams gegeben?","Wenn ein schnelles Absuchen des Suchgebietes gut möglich ist.","Wenn für die vermisste Person akute Lebensgefahr besteht.","Wenn es der erste Einsatz der Rettungshundestaffel im Kalenderjahr ist.","Wenn die vermisste Person seit einer Woche gesucht wird.","","b","","0","0"
"152","Einsatztaktik Fläche","Wann ist ein Sekundäreinsatz für Rettungshunde gegeben?","Wenn ein schnelles Absuchen des Suchgebietes gut möglich ist.","Wenn für die vermisste Person akute Lebensgefahr besteht.","Wenn ein Suchgebiet von einem zweiten Hundeteam abgesucht wird.","Wenn die vermisste Person seit einer Woche gesucht wird.","","d","","0","0"
"153","Einsatztaktik Fläche","Ist eine Einsatznachbereitung sinnvoll?","Nein, dies ist nicht erforderlich, da jeder Einsatz anders durchgeführt wird.","Ja, sie ist sinnvoll, um neue Erkenntnisse zur Vorbereitung für zukünftige Einsätze zu gewinnen.","Ja, sie ist jedoch nur sinnvoll, wenn alle Einsatzbeteiligten dazu Zeit haben.","Ja, sie sollte auf jeden Fall durchgeführt werden und für die Öffentlichkeitsarbeit mit der örtlichen Presse aufbereitet werden.","","b","","0","0"
"154","Einsatztaktik Fläche","Was wird als Grundlinie des Flächensuchgebietes bezeichnet?","Die gedachte vordere Querlinie zur Suchrichtung im Gelände, ab der die Suche des Teams zu beginnen hat.","Die Linie, in der alle Hundeführer bei einer Suchkette stehen.","Die Linie, an der sich die Einsatzfahrzeuge aufstellen.","Die topografisch tiefste Linie des Suchgebietes.","","a","","0","0"
"155","Einsatztaktik Fläche","Was wird als „letzter Sichtpunkt“ oder PLS (point last seen) bezeichnet?","Die Stelle im Gelände, an der das Rettungshundeteam bei der Suche im Wald aus dem Blickfeld des Einsatzleiters verschwindet.","Die Stelle, wo der Hund bei der Suche aus dem Blickfeld des Hundeführers verschwindet.","Die Stelle, wo die vermisste Person von Zeugen zuletzt gesehen wurde.","Die Stelle, wo die vermisste Person ihren Wohnort hat.","","c","","0","0"
"156","Einsatztaktik Fläche","Sie suchen nach einer suizidgefährdeten Person. Worauf müssen Sie achten?","Dass mein Hund nicht außer Sicht sucht und immer in meiner Nähe bleibt.","Dass ich bei Suchbeginn spezielle Schutzhandschuhe anziehe.","Ich achte dabei auf den Eigenschutz.","Bei einer solchen Einsatzlage gehe ich nur mit Polizeischutz in den Einsatz.","","c","","0","0"
"157","Einsatztaktik Fläche","Mit welcher Farbe ist die Weste der Einsatzabschnittsleitung gekennzeichnet?","Die Westenfarbe hängt davon ab, in welchem Bundesland ich bin.","Die Weste hat die Farbe Lila.","Die Farbe der Weste ist für die Rettungshundestaffel irrelevant.","Die Weste hat die Farbe Gelb.","","a","","0","0"
"158","Orientierung im Gelände","Welchem Zweck dient ein Koordinatengitter auf einer Karte?","Zur genauen Einteilung der Fläche in einzelne Suchgebiete.","Zur genauen Bestimmung einer beliebigen Position.","Zur genauen Bestimmung von Höhenangaben auf der Karte.","Zur quadratischen Abgrenzung von Suchgebieten.","","b","","1","0"
"159","Orientierung im Gelände","Wie wird eine Kompasszahl zu einem sichtbaren Geländepunkt ermittelt? Den Geländepunkt anvisieren und dann …","mich solange drehen, bis die Magnetnadel auf „N“ (Norden) eingespielt ist. Die gesuchte Kompasszahl an der „N“ (Norden) Markierung ablesen.","die Teilscheibe drehen, bis die Magnetnadel auf „N“ (Norden) eingespielt ist. Die gesuchte Kompasszahl an der Ablesemarke ablesen.","die Teilscheibe drehen bis „N“ (Norden) mit der Ablesemarke übereinstimmt. Die gesuchte Kompasszahl an der Ablesemarke ablesen.","mich solange drehen, bis die Magnetnadel auf „N“ (Norden) eingespielt ist. Die gesuchte Kompasszahl an der Ablesemarke ablesen.","","b","","1","0"
"160","Orientierung im Gelände","In welchem UTM-Band liegt überwiegend die Bundesrepublik Deutschland?","Im UTM-Band „A“","Im UTM-Band „X“","Im UTM-Band „B“","Im UTM-Band „U“","","d","","1","0"
"161","Orientierung im Gelände","Wie heißen die Schnittflächen von UTM-Zonen und –Bändern?","Bandfläche","Zonenfläche","Zonenfelder","Schnittmenge","","c","","1","0"
"162","Orientierung im Gelände","Wie lautet der Merksatz, um UTMREF-Koordinaten in der richtigen Reihenfolge anzugeben?","„Ran an den Baum, rauf auf den Baum“","„Rauf auf den Baum, ran an das Obst“","„Dran, Drauf, Drüber“","„An den Wurzeln fängt der Baum an zu wachsen“","","a","","1","0"
"163","Orientierung im Gelände","Auf wie viele Meter ist eine 8-stellige UTM-Koordinate genau?","1 Meter","50 Meter","10 Meter","100 Meter","","c","","0","0"
"164","Orientierung im Gelände","Aus welchen Angaben besteht eine vollständige UTM-Koordinate?","Zone / Band / 10 km Quadrat / Ostwert / Nordwert","Zone / Band / 100 km Quadrat / Ostwert / Nordwert","Zone / Band / 10 km Quadrat / Westwert / Südwert","Zone / Band / 100 km Quadrat / Westwert / Südwert","","b","","0","0"
"165","Orientierung im Gelände","Was ist ein Planzeiger?","Ein Hilfsmittel zum genauen Anzeigen der Höhe.","Ein Hilfsmittel zum genauen Ablesen der Richtung.","Ein Hilfsmittel zum genauen Ablesen von Koordinaten.","Ein Hilfsmittel zum genauen Anzeigen der Nordrichtung.","","c","","0","0"
"166","Orientierung im Gelände","Wie erkennt man zuverlässig auf einer topografischen Karte eine Steigung?","Höhenlinien in engem Abstand.","Höhenlinien in weitem Abstand.","Durch Höhenpfeile auf der Karte.","Durch farblich markierte Geländebereiche.","","a","","0","0"
"167","Orientierung im Gelände","In welcher Reihenfolge werden die UTM-Koordinaten angegeben?","Westwert dann Nordwert","Nordwert dann Westwert","Nordwert dann Ostwert","Ostwert dann Nordwert","","d","","0","0"
"168","Orientierung im Gelände","Wie ist die Erde auf topografischen Karten mit UTM Gitter eingeteilt?","Als Längsachse mit Längengraden.","Als Merkator-Projektion.","Als Zylinder mit Breitengrade.","Als Quadrat mit Höhen- und Tiefengraden.","","b","","0","0"
"169","Orientierung im Gelände","Welche der nachfolgenden Aussagen ist richtig?","Magnetischer Nordpol und geografischer Nordpol sind identisch.","Höhenlinien sind immer grün dargestellt.","Kartenzeichen sind nicht maßstabsgerecht wiedergegeben.","Geografischer Südpol und magnetischer Westpol sind identisch.","","c","","0","0"
"170","Orientierung im Gelände","Wofür steht GPS?","Grid Positioning System","Global Positioning System","Graduale Positionsserie","Gauß-Projektionssystem","","b","","0","0"
"171","Orientierung im Gelände","Welche Bedingungen sind für den Betrieb von GPS Geräten ideal?","Auf einer Anhöhe, mit der Antenne aufrecht in der Hand oder Brusttasche, möglichst wenig Hindernisse Richtung Himmel (Baumkronen)","Im Tal, unter dichten Laubbäumen","Ist egal, GPS funktioniert immer","Auf befestigten Wegen, ab vom Weg kann meine Position nicht angezeigt werden","","a","","0","0"
"172","Orientierung im Gelände","Wofür sollen GPS Handgeräte im Einsatz nicht eingesetzt werden?","Zum zusätzlichen Suchen von Geocaches.","Zum genauen Übermitteln des Fundortes.","Zum Übertragen des Suchgebietes an den/die Hundeführer:in.","Zum sicheren Absuchen des Suchgebietes, auch bei Nacht.","","a","","0","0"
"173","Einsatztaktik Trümmer/Trümmerkunde","Wie lassen Sie Ihren Hund im Trümmereinsatz arbeiten? (Grobsuche)","Ich lasse ihn von der Mitte aus zum Rand suchen.","Ich lasse ihn vom Rand in Richtung Schadensmittelpunkt suchen.","Nach SAR Norm – immer von rechts nach links.","So wie der Hund es gerade anbietet.","","b","","1","0"
"174","Einsatztaktik Trümmer/Trümmerkunde","Wozu dient die Phase der Erkundung im Rahmen eines Trümmereinsatzes?","Beschaffung möglichst sicherer Informationen über Anzahl und Aufenthalt betroffener Personen.","Beschaffung möglichst vieler Informationen über das territoriale Gebiet und seine geowissenschaftliche Eigenschaften.","Beschaffung möglichst sicherer Informationen über die Art und Anzahl der angeforderten H elfer.","Beschaffung möglichst vieler Informationen über die Leistungsfähigkeit der mitgeführten Ortungsausrüstung.","","a","","1","0"
"175","Einsatztaktik Trümmer/Trümmerkunde","Was sind die Vorteile der technischen Ortung?","Zeitlich sorgfältige Rüst- und Vorbereitungszeiten im Einsatz.","Die Bedienung der Technik ausschließlich durch geschultes Personal.","Die Gefährdungslage der Helfer beim Auslegen von Sensoren.","Das kleine Ladevolumen, die Nutzung im Dauereinsatz und die Möglichkeit zu Sprachkontakt.","","d","","1","0"
"176","Einsatztaktik Trümmer/Trümmerkunde","Was sind die Vorteile der biologischen Ortung?","Die biologische Ortung ist tagesformunabhängig. Erholungspausen sind nicht erforderlich.","Die biologische Ortung kann auch bei Feuer und Chemikalien eingesetzt werden.","Die biologische Ortung ermöglicht ein schnelles Absuchen der Trümmerlage  mit einer geringen Belastung der Trümmerstruktur.","Das Ladevolumen, die Nutzung im Dauereinsatz.","","c","","1","0"
"177","Einsatztaktik Trümmer/Trümmerkunde","Worauf braucht man beim Betreten der Trümmer nicht zu achten?","Sich keinesfalls allein auf die Trümmer begeben.","Beim Herauslösen von Trümmerteilen Vorsicht bewahren.","Schwingungen vermeiden.","Beachtung der Tageszeit und Jahreszeit.","","d","","1","0"
"178","Einsatztaktik Trümmer/Trümmerkunde","Welche Besonderheit ist beim Vordringen in die Trümmer zu beachten?","Die vorhandenen Hohlräume und Öffnungen nutzen.","Dem Hund unmittelbar auf den Trümmerkegel folgen.","Der Hund muss eine Kenndecke tragen, um für alle erkennbar zu sein.","Die Tageszeit ist zu beachten, da sie Auswirkungen auf die Belastbarkeit der Trümmer hat.","","a","","0","0"
"179","Einsatztaktik Trümmer/Trümmerkunde","Was ist zuerst zu veranlassen, wenn ausströmendes Gas vermutet wird?","Den Rettungshund sofort in Sicherheit bringen.","Die Benutzung von offenem Feuer, elektrischen Anlagen und anderen Zündquellen sofort untersagen.","Die Gaskonzentration ist sofort zu messen.","Fenster und Türen sind umgehend zu öffnen.","","b","","0","0"
"180","Einsatztaktik Trümmer/Trümmerkunde","Welche Maßnahme eignet sich nicht zum Vordringen in die Trümmer eingestürzter Gebäude?","Die Trümmer möglichst nicht bewegen oder entfernen.","Vom unbeschädigten oder wenig beschädigten Teil des Gebäudes aus durch Wand - und Deckenbruch vordringen.","Vorhandene Hohlräume und Öffnungen beim Vordringen ausnutzen.","Möglichst schnell die Trümmer wegräumen, als den zeitlichen Aufwand von Wand - und Deckendurchbrüchen zu betreiben.","","d","","0","0"
"181","Einsatztaktik Trümmer/Trümmerkunde","Welcher der folgenden Faktoren hat keinen Einfluss auf die Geruchsverteilung in Trümmerkegeln?","Thermik.","Windverwirbelungen.","Bergwind.","Wind- und Geruchskanal.","","c","","0","0"
"182","Einsatztaktik Trümmer/Trümmerkunde","Sie arbeiten im Einsatz ohne Helfer auf einem Trümmergebiet. Ihr Hund zeigt eine vermeintliche Fundstelle an. Wie verhalten Sie sich?","Ich lege meinen Hund ab. Melde den Fund der Einsatzleitung und warte auf Hilfe.","Eine solche Situation ist nicht denkbar, da ich nicht alleine arbeite.","Ich markiere die Fundstelle mit einem Fähnchen / Spray und suche danach weiter.","Ich rufe mit Funk nach Hilfe und beginne sofort mit der „Rettung“.","","b","","0","0"
"183","Einsatztaktik Trümmer/Trümmerkunde","In der Schadensklassifizierung an zerstörten Gebäuden gibt es den Begriff „Randtrümmer“. Was wird darunter verstanden?","Trümmer, die im Verlauf der Suche am Rande, d.h. zufällig, mit abgesucht werden.","Trümmer, die einen scharf gezackten Rand aufweisen.","Trümmer, die am Rande eines Trümmerkegels liegen.","Den Rand von eingestürzten Wänden in einem zerstörten Haus.","","c","","0","0"
"184","Einsatztaktik Trümmer/Trümmerkunde","Worauf müssen Sie beim Einsatz in Trümmern besonders achten?","Es ist auf die Tages- bzw. Nachtzeit zu achten.","Dass Anwohner durch die Rettungsmaßnahmen nicht gestört werden.","Dass die Rettungsmaßnahmen für Betroffene erst eingeleitet werden, wenn alle vermissten Personen gefunden wurden.","Es ist auf die Standsicherheit der Trümmer zu achten und im Besonderen muss man sich aus „Trümmerschattenbereichen“ fernhalten.","","d","","0","0"
"185","Einsatztaktik Trümmer/Trümmerkunde","Was versteht man in der Schadensklassifizierung an zerstörten Gebäuden unter dem Begriff „Rutschfläche“?","Ein schräg abwärts angelegtes Brett, das zum schnellen Abtransport von Trümmerteilen dient.","Ein spezielles Gerät, das bei der Ausbildung der Hunde zum Trümmersuchhund benötigt wird.","Die Flächen in Gebäuden, die durch Feuchtigkeit zur Rutschfläche werden.","Schräg abgestürzte Deckenelemente, die auf einer Seite noch aufliegen und auf denen die Trümmer der höher liegenden Räume abgerutscht sind.","","d","","0","0"
"186","Einsatztaktik Trümmer/Trümmerkunde","Wie hoch kann die Überlebenswahrscheinlichkeit in einem „ausgefüllten Raum“ für mögliche Opfer sein?","Die Überlebenswahrscheinlichkeit ist sehr hoch, da das Wasser die Wände stabilisiert.","Die Überlebenswahrscheinlichkeit ist praktisch null, da vermutlich alle Opfer erstickt sind.","In einem ausgefüllten Raum können sich keine lebenden Personen befinden, da er ja „ausgefüllt“ ist.","Die Überlebenswahrscheinlichkeit ist sehr hoch, da der menschliche Körper durch das Wasser nach oben getrieben wird.","","b","","0","0"
"187","Einsatztaktik Trümmer/Trümmerkunde","Bei Überbeanspruchung der Struktur eines Gebäudes durch Explosion oder Erdbeben stürzt ein Gebäude in sich zusammen. Es wird in der Trümmerlandschaft eine neue, durch Trümmerteile gebildete Struktur hervorgebracht. Wie bewerten Sie diese neue Struktur?","Die Struktur ist extrem stabil, weil sie sich selbst gebildet hat.","Die Struktur ist absolut instabil.","Die Struktur ist extrem labil, weil sie sich ständig selbst verändert.","Die Struktur ist stabil, aber trügerisch, weil es noch nach Stunden zu „Setzvorgängen“ kommen kann.","","d","","0","0"
"188","Einsatztaktik Trümmer/Trümmerkunde","Eine „Schichtung“ besteht aus mehreren übereinander liegenden Rutschflächen. Wo sind Ihrer Meinung nach Opfer zu erwarten?","An der oberen Kante der Schichtung, weil alle Trümmerteile nach unten gerutscht sind.","An der unteren Kante und zwischen den Rutschflächen am unteren Ende, weil mögliche Opfer mit den Trümmern gerutscht sind.","Aus dieser Feststellung können keine Vermutungen gezogen werden.","Nur außerhalb der Schichtung, weil alle Opfer herausgeschleudert werden.","","b","","0","0"
"189","Einsatztaktik Trümmer/Trümmerkunde","Welche Bauweise kann nach einem Zusammenbruch ihrer Struktur durch eine Explosion oder ein Erdbeben für verschüttete Opfer noch einen gewissen Schutz bieten?","Häuser in Lehmbauweise, da diese durch ihr geringeres Gewicht die Opfer nicht so  schnell erdrücken.","Häuser aus Ziegelmauerwerk bieten einen hohen Schutz, weil sie in kleine Trümmer zerfallen.","Häuser in Stahlbeton-/Skelettbauweise bieten nach dem Zusammenbruch noch viele Hohlräume durch große Trümmerteile, die oft noch durch Stahl verbunden sind.","Fertighäuser, weil diese in ihre Fertigbauteile zerfallen.","","c","","0","0"
"190","Einsatztaktik Trümmer/Trümmerkunde","Die UN hat in ihrer Arbeitsgruppe INSARAG ein einheitliches System zur Kennzeichnung von Schadenstellen entwickelt. Was kann aus dieser Kennzeichnung ersehen werden?","Eingesetzte Einheiten bzw. Einsatzeinheiten, Gefahren, vermisste Personen, gerettete Personen, Tote und Einsatzende.","Ort, Zeit, Wetterlage, durchgeführte Maßnahmen und der zuständige Einsatzleiter.","Ruhe- und Einsatzzeiten der Einsatzkräfte, vorgefundene Lage und Maßnahmen die noch getroffen werden müssen.","Gerettete Personen, Telefonnummern der Einsatzleitung, eingesetzte Kräfte und Material.","","a","","0","0"
"191","Einsatztaktik Trümmer/Trümmerkunde","Wann spricht man von einem teilzerstörten / teils zusammengebrochenen Gebäude?","Wenn einzelne Teile des Gebäudes beschädigt wurden, das Gebäude aber in seiner äußeren Form noch erhalten ist.","Wenn durch Vandalismus im Gebäude die Einrichtungsgegenstände zerstört wurden.","Wenn das Gebäude nicht mehr erkennbar ist und einen geschlossenen Trümmerkegel bildet.","Wenn Teile des Gebäudes eingestürzt sind und einen Trümmerkegel bilden, andere Teile des Gebäudes jedoch in ihrer Struktur noch erhalten sind.","","d","","0","0"
"192","Einsatztaktik Trümmer/Trümmerkunde","Wann spricht man von einem total zerstörten / total zusammengebrochenen Gebäude?","Wenn das Gebäude nicht mehr erkennbar ist und einen geschlossenen Trümmerkegel bildet.","Wenn einzelne Teile des Gebäudes beschädigt wurden, das Gebäude aber in seiner äußeren Form noch erhalten ist.","Wenn durch eine äußere Einwirkung (Explosion, Erdbeben) über 60% der Dachziegel fehlen.","Wenn Teile des Gebäudes eingestürzt sind und einen Trümmerkegel bilden, andere Teile des Gebäudes jedoch in ihrer Struktur noch erhalten sind.","","a","","0","0"
